feature,mean_importance
chol,-0.001980200074788807
fbs,-0.0001622103655278262
age,0.000564354903478137
restecg,0.0008645242016646515
trestbps,0.0011789664079873917
exang,0.006200979215232716
sex,0.006377866139519994
slope,0.006987305552628009
thalach,0.013567530786846504
oldpeak,0.026726569691681235
cp,0.047140316512643735
ca,0.07431336713502203
thal,0.12252503667367212
