target,prediction
0,0.4585635359116022
0,0.4585635359116022
1,0.4585635359116022
0,0.4585635359116022
1,0.4585635359116022
1,0.4585635359116022
1,0.4585635359116022
1,0.4585635359116022
0,0.4585635359116022
0,0.4585635359116022
0,0.4585635359116022
0,0.4585635359116022
1,0.4585635359116022
0,0.4585635359116022
0,0.4585635359116022
0,0.4585635359116022
1,0.4585635359116022
1,0.4585635359116022
0,0.4585635359116022
0,0.4585635359116022
0,0.4585635359116022
0,0.4585635359116022
0,0.4585635359116022
0,0.4585635359116022
1,0.4585635359116022
0,0.4585635359116022
0,0.4585635359116022
1,0.4585635359116022
0,0.4585635359116022
1,0.4585635359116022
1,0.4585635359116022
0,0.4585635359116022
0,0.4585635359116022
1,0.4585635359116022
0,0.4585635359116022
1,0.4585635359116022
1,0.4585635359116022
0,0.4585635359116022
1,0.4585635359116022
1,0.4585635359116022
1,0.4585635359116022
1,0.4585635359116022
0,0.4585635359116022
0,0.4585635359116022
1,0.4585635359116022
0,0.4585635359116022
1,0.4585635359116022
0,0.4585635359116022
0,0.4585635359116022
0,0.4585635359116022
1,0.4585635359116022
0,0.4585635359116022
1,0.4585635359116022
1,0.4585635359116022
0,0.4585635359116022
0,0.4585635359116022
0,0.4585635359116022
1,0.4585635359116022
1,0.4585635359116022
1,0.4585635359116022
1,0.4585635359116022
